/	/us/en
/index.html	/us/en
/us/en.html	/us/en
/us/en/about-us.html	/us/en/about-us
/us/en/adventures.html	/us/en/adventures
/us/en/adventures/bali-surf-camp.html	/us/en/adventures/bali-surf-camp
/us/en/adventures/beervana-portland.html	/us/en/adventures/beervana-portland
/us/en/adventures/climbing-new-zealand.html	/us/en/adventures/climbing-new-zealand
/us/en/adventures/colorado-rock-climbing.html	/us/en/adventures/colorado-rock-climbing
/us/en/adventures/cycling-southern-utah.html	/us/en/adventures/cycling-southern-utah
/us/en/adventures/cycling-tuscany.html	/us/en/adventures/cycling-tuscany
/us/en/adventures/downhill-skiing-wyoming.html	/us/en/adventures/downhill-skiing-wyoming
/us/en/adventures/gastronomic-marais-tour.html	/us/en/adventures/gastronomic-marais-tour
/us/en/adventures/napa-wine-tasting.html	/us/en/adventures/napa-wine-tasting
/us/en/adventures/riverside-camping-australia.html	/us/en/adventures/riverside-camping-australia
/us/en/adventures/ski-touring-mont-blanc.html	/us/en/adventures/ski-touring-mont-blanc
/us/en/adventures/surf-camp-costa-rica.html	/us/en/adventures/surf-camp-costa-rica
/us/en/adventures/tahoe-skiing.html	/us/en/adventures/tahoe-skiing
/us/en/adventures/west-coast-cycling.html	/us/en/adventures/west-coast-cycling
/us/en/adventures/whistler-mountain-biking.html	/us/en/adventures/whistler-mountain-biking
/us/en/adventures/yosemite-backpacking.html	/us/en/adventures/yosemite-backpacking
/us/en/faqs.html	/us/en/faqs
/us/en/magazine.html	/us/en/magazine
/us/en/magazine/arctic-surfing.html	/us/en/magazine/arctic-surfing
/us/en/magazine/guide-la-skateparks.html	/us/en/magazine/guide-la-skateparks
/us/en/magazine/san-diego-surf.html	/us/en/magazine/san-diego-surf
/us/en/magazine/ski-touring.html	/us/en/magazine/ski-touring
/us/en/magazine/western-australia.html	/us/en/magazine/western-australia
